<?xml version="1.0" encoding="UTF-8"?>
<addon id="wolfies_addon" name="Wolfies Addon" version="1.0.0">
  <requires>
    <import addon="xbmc.python" version="2.1.0"/>
  </requires>
  <extension point="xbmc.python.module" library="WolfiesAddon.py"/>
  <extension point="xbmc.addon.metadata">
    <summary lang="en">Wolfies Addon</summary>
    <description lang="en">The first ever NFT marketplace in Kodi.</description>
    <description lang="es">El primer mercado NFT en Kodi.</description>
    <platform>all</platform>
  </extension>
</addon>